"","from_id","travel_time7","travel_time2","travel_time3","travel_time4","travel_time5","travel_time6","travel_time1","average"
"1","42017100206",121,135,138,152,147,142,137,138.857142857143
"2","42029300800",174,169,164,159,154,149,144,159
"3","42091205700",118,115,110,105,100,95,90,104.714285714286
"4","42091203601",95,115,110,105,100,95,92,101.714285714286
"5","42091202602",116,111,106,101,96,94,140,109.142857142857
"6","42091201100",148,145,140,135,130,127,147,138.857142857143
"7","42091204101",90,88,92,89,84,80,102,89.2857142857143
"8","42045402900",123,118,113,108,103,100,139,114.857142857143
"9","42045403104",91,88,83,78,73,71,91,82.1428571428571
"10","42045400700",76,78,74,71,70,74,75,74
"11","42101001500",33,31,33,32,30,31,31,31.5714285714286
"12","42101001800",37,37,38,41,40,39,37,38.4285714285714
"13","42101002802",29,38,36,31,29,40,37,34.2857142857143
"14","42101004001",25,23,26,24,22,26,23,24.1428571428571
"15","42101006300",44,44,43,43,43,43,43,43.2857142857143
"16","42101007700",24,24,24,24,24,24,24,24
"17","42101008701",39,42,42,42,40,40,41,40.8571428571429
"18","42101011000",36,41,40,38,37,39,41,38.8571428571429
"19","42101011500",55,57,56,54,55,57,54,55.4285714285714
"20","42101014000",34,35,37,36,35,38,37,36
"21","42101016500",36,42,45,45,44,44,42,42.5714285714286
"22","42101017202",49,53,50,45,44,55,51,49.5714285714286
"23","42101019502",53,52,50,48,52,50,54,51.2857142857143
"24","42101021400",74,69,64,64,70,68,70,68.4285714285714
"25","42101024200",46,52,52,50,47,45,51,49
"26","42101025500",67,74,71,68,68,75,72,70.7142857142857
"27","42101027402",60,59,61,60,64,63,58,60.7142857142857
"28","42101028600",60,55,50,45,45,65,63,54.7142857142857
"29","42101030501",60,59,77,73,68,63,58,65.4285714285714
"30","42101033500",77,73,81,82,79,77,82,78.7142857142857
"31","42101034000",81,95,91,86,85,84,79,85.8571428571429
"32","42101034900",113,108,103,98,93,90,110,102.142857142857
"33","42101035900",118,120,115,110,109,117,113,114.571428571429
"34","42101012201",73,69,66,65,69,67,65,67.7142857142857
"35","42101000401",13,13,13,13,13,13,13,13
"36","42101016200",39,34,33,40,38,36,34,36.2857142857143
"37","42101012502",33,32,29,30,29,27,27,29.5714285714286
"38","42101013701",64,62,57,56,58,58,57,58.8571428571429
"39","42091203701",150,145,140,135,130,125,120,135
"40","42045980100",90,85,80,75,74,94,90,84
"41","42029980000",126,121,116,115,135,131,126,124.285714285714
"42","42029302806",101,121,116,111,106,101,101,108.142857142857
"43","42045406401",132,130,130,144,142,137,132,135.285714285714
"44","42017100807",131,126,121,120,158,154,149,137
"45","42029301100",174,169,164,159,154,149,144,159
"46","42029300700",174,169,164,159,154,149,144,159
"47","42091205906",90,85,80,79,145,141,136,108
"48","42091203801",150,145,140,135,130,125,120,135
"49","42091204300",69,69,64,59,58,59,70,64
"50","42091205502",96,91,86,81,76,74,123,89.5714285714286
"51","42091205501",94,91,86,81,76,71,66,80.7142857142857
"52","42091201704",172,167,162,157,152,147,142,157
"53","42091206104",174,172,169,166,161,156,151,164.142857142857
"54","42091203901",90,88,108,105,100,95,90,96.5714285714286
"55","42091203804",150,145,140,135,130,125,120,135
"56","42045400302",63,63,63,63,63,63,63,63
"57","42045403800",103,98,98,118,113,108,103,105.857142857143
"58","42045400301",49,49,55,52,54,53,49,51.5714285714286
"59","42045409000",96,91,86,81,77,91,90,87.4285714285714
"60","42045403200",84,79,79,99,94,89,84,86.8571428571429
"61","42045409200",96,91,86,84,98,95,93,91.8571428571429
"62","42045408900",60,60,80,75,70,65,60,67.1428571428571
"63","42045400801",77,79,74,73,81,77,77,76.8571428571429
"64","42045401700",64,63,65,63,60,61,64,62.8571428571429
"65","42045404900",103,98,95,113,112,107,103,104.428571428571
"66","42101030900",60,59,70,70,68,63,58,64
"67","42101031502",77,76,75,77,74,74,79,76
"68","42101032000",69,68,70,70,72,72,69,70
"69","42101032900",95,90,85,80,79,99,95,89
"70","42101033702",83,78,74,100,99,97,105,90.8571428571429
"71","42101036501",95,91,111,110,105,100,95,101
"72","42101001201",41,39,37,37,41,40,39,39.1428571428571
"73","42101002100",34,33,29,34,33,29,34,32.2857142857143
"74","42101002801",29,35,34,31,29,39,37,33.4285714285714
"75","42101003701",37,39,39,37,37,40,40,38.4285714285714
"76","42101035301",95,93,113,110,105,100,95,101.571428571429
"77","42101006400",58,58,57,57,58,58,58,57.7142857142857
"78","42101006700",42,42,42,42,42,42,42,42
"79","42101007300",50,50,50,50,50,50,50,50
"80","42101008200",47,46,50,50,46,46,47,47.4285714285714
"81","42101008602",39,40,41,42,41,40,40,40.4285714285714
"82","42101009600",51,49,45,47,46,45,50,47.5714285714286
"83","42101013500",33,37,36,32,39,38,36,35.8571428571429
"84","42101014700",31,32,31,31,31,30,31,31
"85","42101037700",38,39,47,46,44,46,44,43.4285714285714
"86","42101016901",48,52,52,56,54,52,54,52.5714285714286
"87","42101019501",48,48,48,46,50,49,47,48
"88","42101020400",43,44,44,43,44,45,43,43.7142857142857
"89","42101021300",44,44,64,59,54,49,44,51.1428571428571
"90","42101038700",113,111,106,101,96,93,105,103.571428571429
"91","42101023900",67,65,62,64,82,77,72,69.8571428571429
"92","42101024800",48,52,50,47,51,49,46,49
"93","42101025700",93,97,92,87,83,85,91,89.7142857142857
"94","42101026302",62,61,62,61,65,63,60,62
"95","42101026700",60,56,60,59,55,59,58,58.1428571428571
"96","42101027600",47,46,47,48,48,47,47,47.1428571428571
"97","42101028100",49,48,48,49,50,48,48,48.5714285714286
"98","42101029800",68,72,70,69,73,70,68,70
"99","42091203204",120,115,115,135,130,125,120,122.857142857143
"100","42091202401",88,83,82,89,94,91,86,87.5714285714286
"101","42101000803",22,22,27,23,22,24,22,23.1428571428571
"102","42101980800",88,85,80,75,70,68,82,78.2857142857143
"103","42101010600",37,36,36,37,37,37,37,36.7142857142857
"104","42101014500",31,28,32,31,27,29,30,29.7142857142857
"105","42101028500",53,51,49,45,44,53,52,49.5714285714286
"106","42101013601",38,37,37,36,44,42,37,38.7142857142857
"107","42045400900",72,69,71,69,65,73,72,70.1428571428571
"108","42101016002",44,47,57,56,51,49,51,50.7142857142857
"109","42101036901",38,36,33,34,37,37,33,35.4285714285714
"110","42101013702",34,38,38,36,44,42,37,38.4285714285714
"111","42101000101",24,23,22,23,23,24,24,23.2857142857143
"112","42101000404",14,14,14,14,14,14,14,14
"113","42101000805",23,29,28,28,26,22,24,25.7142857142857
"114","42091201706",88,83,79,97,96,91,86,88.5714285714286
"115","42091206202",174,169,164,159,154,149,147,159.428571428571
"116","42017100803",179,174,172,NA,NA,NA,NA,NA
"117","42017101605",144,139,134,129,124,121,167,136.857142857143
"118","42029300303",116,148,146,141,136,135,150,138.857142857143
"119","42091205401",81,108,129,128,123,118,113,114.285714285714
"120","42045401503",84,79,74,71,91,89,87,82.1428571428571
"121","42101014800",37,34,32,34,33,31,35,33.7142857142857
"122","42101011300",42,40,42,40,42,41,40,41
"123","42101013401",36,32,31,30,29,31,36,32.1428571428571
"124","42101016702",42,42,40,38,38,40,39,39.8571428571429
"125","42101021200",69,66,64,59,54,52,69,61.8571428571429
"126","42101025900",74,70,74,73,69,73,72,72.1428571428571
"127","42101028800",53,48,47,55,56,54,51,52
"128","42101031800",68,66,64,66,67,68,68,66.7142857142857
"129","42045403101",84,79,74,69,68,88,84,78
"130","42045405400",123,118,117,136,149,147,142,133.142857142857
"131","42045407700",144,139,134,129,124,119,114,129
"132","42101003100",34,31,33,38,33,33,38,34.2857142857143
"133","42101007200",53,53,53,53,53,53,53,53
"134","42101025600",88,88,92,87,87,91,86,88.4285714285714
"135","42101027000",70,69,64,63,67,64,68,66.4285714285714
"136","42101027700",61,59,59,57,58,56,53,57.5714285714286
"137","42101030100",58,59,66,63,61,58,62,61
"138","42101037300",60,55,54,72,68,63,60,61.7142857142857
"139","42101024100",44,43,47,47,45,44,48,45.4285714285714
"140","42045404400",96,108,109,108,103,98,97,102.714285714286
"141","42045402000",76,73,71,79,76,74,76,75
"142","42101000300",23,28,23,21,23,23,23,23.4285714285714
"143","42101009802",56,76,74,69,67,70,80,70.2857142857143
"144","42101016300",50,52,50,48,51,50,53,50.5714285714286
"145","42029304101",161,NA,NA,NA,NA,NA,NA,NA
"146","42091201705",88,83,78,73,71,89,86,81.1428571428571
"147","42017101401",95,94,132,128,123,118,113,114.714285714286
"148","42091204103",92,96,94,89,87,109,106,96.1428571428571
"149","42101000102",39,41,41,42,42,41,44,41.4285714285714
"150","42101038301",66,62,61,65,61,60,64,62.7142857142857
"151","42101001203",34,33,29,34,33,29,33,32.1428571428571
"152","42101001002",33,33,31,29,29,30,31,30.8571428571429
"153","42101023500",68,93,92,87,82,77,73,81.7142857142857
"154","42101003702",36,40,36,34,38,35,33,36
"155","42101006600",36,36,36,36,36,36,36,36
"156","42101008801",29,30,32,31,31,32,30,30.7142857142857
"157","42101013100",36,36,34,35,37,37,39,36.2857142857143
"158","42101020300",32,32,35,35,37,36,34,34.4285714285714
"159","42101034100",74,73,92,92,89,84,79,83.2857142857143
"160","42101017602",54,55,51,55,54,51,54,53.4285714285714
"161","42091202402",74,69,64,62,81,81,79,72.8571428571429
"162","42091203104",114,111,106,106,117,113,108,110.714285714286
"163","42101015600",36,40,36,35,39,35,34,36.4285714285714
"164","42101031900",80,82,84,83,80,80,78,81
"165","42101000901",21,19,19,20,19,19,20,19.5714285714286
"166","42101003901",32,31,33,32,31,32,32,31.8571428571429
"167","42101008702",31,30,44,43,42,43,43,39.4285714285714
"168","42101020000",39,36,37,42,40,35,33,37.4285714285714
"169","42101025400",74,69,69,73,68,68,72,70.4285714285714
"170","42101018802",46,52,60,56,51,46,46,51
"171","42045403702",95,90,85,84,102,98,93,92.4285714285714
"172","42045402400",67,67,67,67,67,67,67,67
"173","42091203602",95,115,110,105,100,95,94,102
"174","42091204007",104,99,94,92,114,111,106,102.857142857143
"175","42101000702",25,25,25,24,24,24,25,24.5714285714286
"176","42017100102",131,126,121,116,111,106,103,116.285714285714
"177","42029300103",156,155,170,166,161,156,151,159.285714285714
"178","42045400802",73,75,74,69,69,77,73,72.8571428571429
"179","42101001001",37,36,34,33,35,38,37,35.7142857142857
"180","42101021900",101,96,91,86,86,107,102,95.5714285714286
"181","42045403001",123,118,113,108,103,98,95,108.285714285714
"182","42045405100",123,118,113,112,151,147,142,129.428571428571
"183","42045402200",94,91,88,90,88,85,93,89.8571428571429
"184","42045402600",66,65,67,63,62,69,66,65.4285714285714
"185","42101001101",28,28,27,26,25,25,26,26.4285714285714
"186","42101036502",105,137,133,128,126,140,137,129.428571428571
"187","42101007900",37,39,39,39,39,39,38,38.5714285714286
"188","42101012000",71,68,66,66,69,76,72,69.7142857142857
"189","42101021700",74,70,87,86,81,76,74,78.2857142857143
"190","42101031402",65,64,67,66,66,68,65,65.8571428571429
"191","42091202000",74,69,69,76,87,84,79,76.8571428571429
"192","42091200307",88,83,82,128,124,119,114,105.428571428571
"193","42101016800",46,41,41,45,43,43,44,43.2857142857143
"194","42045402500",53,53,53,53,53,53,53,53
"195","42045401104",90,85,80,75,75,95,90,84.2857142857143
"196","42101010900",37,36,45,41,36,35,44,39.1428571428571
"197","42101026900",74,70,88,87,82,80,78,79.8571428571429
"198","42045401103",90,85,81,89,88,83,81,85.2857142857143
"199","42091205600",84,79,74,69,68,88,84,78
"200","42101001700",38,34,33,37,36,38,36,36
"201","42101002701",30,41,36,31,30,41,37,35.1428571428571
"202","42101007400",34,34,34,35,35,35,34,34.4285714285714
"203","42101016600",36,38,37,35,34,36,37,36.1428571428571
"204","42101017701",48,47,46,47,48,47,47,47.1428571428571
"205","42101019700",53,50,58,58,54,51,49,53.2857142857143
"206","42101025200",58,59,57,54,65,63,58,59.1428571428571
"207","42101018801",59,58,59,56,56,61,58,58.1428571428571
"208","42101001301",39,40,45,44,39,39,43,41.2857142857143
"209","42101029300",53,53,53,53,54,54,53,53.2857142857143
"210","42101031401",77,77,83,83,80,81,86,81
"211","42101033102",85,83,84,84,84,86,85,84.4285714285714
"212","42045410500",52,50,52,52,54,54,52,52.2857142857143
"213","42017100207",121,135,133,128,123,120,118,125.428571428571
"214","42017100208",119,114,111,125,123,120,118,118.571428571429
"215","42017100211",119,114,110,160,159,154,149,137.857142857143
"216","42017100600",173,168,163,158,153,153,NA,NA
"217","42017100403",173,168,165,NA,NA,NA,NA,NA
"218","42091201302",129,125,120,115,110,105,100,114.857142857143
"219","42091201607",100,97,92,89,93,91,86,92.5714285714286
"220","42091200308",103,149,148,143,138,133,128,134.571428571429
"221","42091200401",90,136,134,129,124,119,114,120.857142857143
"222","42091203902",132,131,126,121,117,121,120,124
"223","42091206400",150,145,140,139,NA,NA,NA,NA
"224","42045403901",103,98,93,88,87,107,103,97
"225","42045404700",113,109,104,103,111,107,102,107
"226","42045410601",93,93,113,108,103,98,93,100.142857142857
"227","42045404004",123,118,113,108,107,124,120,116.142857142857
"228","42045406700",150,145,143,NA,NA,NA,NA,NA
"229","42045405300",123,118,113,111,150,147,142,129.142857142857
"230","42045403401",123,118,113,108,103,102,101,109.714285714286
"231","42045402800",123,118,113,108,103,103,142,115.714285714286
"232","42045404103",95,90,87,105,103,98,93,95.8571428571429
"233","42045408800",86,85,80,75,70,66,86,78.2857142857143
"234","42045408700",90,85,80,77,91,89,84,85.1428571428571
"235","42045402100",53,52,52,48,48,53,53,51.2857142857143
"236","42045407901",144,139,134,129,124,119,114,129
"237","42045407401",102,97,92,87,84,104,102,95.4285714285714
"238","42045408103",96,91,86,86,136,131,126,107.428571428571
"239","42045404003",143,139,134,129,124,119,114,128.857142857143
"240","42045400401",56,60,60,58,57,57,54,57.4285714285714
"241","42045404600",108,122,121,117,112,107,107,113.428571428571
"242","42101002500",37,37,37,38,43,40,37,38.4285714285714
"243","42101003002",34,33,40,38,33,31,40,35.5714285714286
"244","42101003600",45,41,39,43,40,38,42,41.1428571428571
"245","42101004202",39,34,33,37,35,39,41,36.8571428571429
"246","42101006000",64,66,66,63,58,57,64,62.5714285714286
"247","42101007000",36,36,36,36,36,36,36,36
"248","42101008101",41,41,39,39,43,43,43,41.2857142857143
"249","42101008500",35,37,35,33,33,35,35,34.7142857142857
"250","42101009400",31,33,32,31,33,31,33,32
"251","42101009801",54,50,70,69,64,59,54,60
"252","42101010200",33,35,33,35,34,33,35,34
"253","42101010700",38,38,38,38,38,38,38,38
"254","42101011200",38,37,36,38,36,38,36,37
"255","42101011400",54,54,54,52,52,56,54,53.7142857142857
"256","42101011800",54,53,54,53,51,51,53,52.7142857142857
"257","42101013402",33,28,28,31,26,26,33,29.2857142857143
"258","42101013800",44,44,42,41,45,45,43,43.4285714285714
"259","42101014600",32,29,31,31,28,32,30,30.4285714285714
"260","42101016100",41,40,53,53,50,46,45,46.8571428571429
"261","42101016902",46,42,47,49,51,49,47,47.2857142857143
"262","42101017100",46,45,49,45,43,47,44,45.5714285714286
"263","42101038200",71,66,61,56,53,68,69,63.4285714285714
"264","42101019200",55,63,62,62,60,56,53,58.7142857142857
"265","42101020102",37,37,34,34,38,38,35,36.1428571428571
"266","42101020900",46,63,61,58,54,49,46,53.8571428571429
"267","42101038400",100,99,94,89,84,80,102,92.5714285714286
"268","42101023800",60,57,67,66,61,58,68,62.4285714285714
"269","42101024900",67,62,62,66,61,56,56,61.4285714285714
"270","42101025300",60,58,62,59,57,61,58,59.2857142857143
"271","42101034801",89,85,111,110,105,100,95,99.2857142857143
"272","42101026600",72,69,66,70,68,65,69,68.4285714285714
"273","42101027500",58,58,56,56,55,59,58,57.1428571428571
"274","42101028000",58,58,55,53,57,59,56,56.5714285714286
"275","42101029000",60,55,50,50,57,57,56,55
"276","42101029900",64,61,65,65,61,61,64,63
"277","42101030800",71,70,72,73,81,76,71,73.4285714285714
"278","42101031102",74,72,69,83,81,76,73,75.4285714285714
"279","42101032500",78,76,73,77,75,72,76,75.2857142857143
"280","42101033000",86,90,85,80,77,81,84,83.2857142857143
"281","42101033701",68,76,73,71,73,70,68,71.2857142857143
"282","42101033800",84,85,91,87,87,91,86,87.2857142857143
"283","42101034701",101,96,91,91,99,94,92,94.8571428571429
"284","42101035200",97,105,103,98,95,103,101,100.285714285714
"285","42101036100",92,111,130,128,125,133,131,121.428571428571
"286","42101036400",91,93,91,88,96,94,91,92
"287","42101001600",38,34,34,38,37,39,35,36.4285714285714
"288","42101980500",50,50,48,49,50,48,47,48.8571428571429
"289","42101980100",70,69,64,59,54,50,70,62.2857142857143
"290","42101980600",36,37,35,35,36,36,35,35.7142857142857
"291","42101023100",80,80,78,78,82,81,80,79.8571428571429
"292","42101011700",47,49,47,49,46,46,48,47.4285714285714
"293","42101025800",87,83,82,86,82,81,85,83.7142857142857
"294","42101001102",35,34,30,34,33,28,28,31.7142857142857
"295","42101038100",95,93,113,110,105,100,95,101.571428571429
"296","42091206201",174,169,164,159,154,149,144,159
"297","42045402300",48,48,48,47,47,48,48,47.7142857142857
"298","42091205811",114,111,108,105,100,98,149,112.142857142857
"299","42101989300",55,59,62,66,61,56,53,58.8571428571429
"300","42101980002",59,69,66,61,59,69,66,64.1428571428571
"301","42101012501",35,34,34,31,29,36,35,33.4285714285714
"302","42017100213",119,119,163,158,153,148,143,143.285714285714
"303","42045410306",138,133,128,123,118,113,108,123
"304","42017100103",99,113,109,104,100,102,101,104
"305","42017104701",158,153,148,143,138,133,128,143
"306","42017101603",144,139,134,129,124,119,117,129.428571428571
"307","42017100811",173,168,163,160,158,154,154,161.428571428571
"308","42017100304",173,168,163,158,153,148,143,158
"309","42091202100",74,74,92,87,82,81,85,82.1428571428571
"310","42091200901",154,NA,NA,NA,NA,NA,NA,NA
"311","42091203303",109,131,127,131,132,138,136,129.142857142857
"312","42091200903",131,171,172,169,166,161,156,160.857142857143
"313","42091200502",102,97,94,140,138,133,128,118.857142857143
"314","42091202603",88,83,78,73,71,89,86,81.1428571428571
"315","42091206300",150,148,NA,NA,NA,NA,NA,NA
"316","42091202201",74,73,77,73,72,76,72,73.8571428571429
"317","42091205503",96,91,86,81,76,71,70,81.5714285714286
"318","42091205300",95,91,86,81,80,90,110,90.4285714285714
"319","42045406902",172,167,162,157,152,147,145,157.428571428571
"320","42045407805",100,108,104,99,98,106,102,102.428571428571
"321","42045401401",84,79,74,69,69,89,84,78.2857142857143
"322","42045406300",132,131,151,147,142,137,132,138.857142857143
"323","42045405000",120,118,113,108,107,145,142,121.857142857143
"324","42045404800",103,98,95,106,108,107,103,102.857142857143
"325","42045406202",130,128,126,123,118,116,130,124.428571428571
"326","42045409100",91,105,104,99,94,89,84,95.1428571428571
"327","42045402700",79,78,78,78,77,77,77,77.7142857142857
"328","42045409602",90,85,84,103,100,95,90,92.4285714285714
"329","42045407502",92,96,92,87,82,80,100,89.8571428571429
"330","42045406100",132,127,122,117,113,133,132,125.142857142857
"331","42045403601",103,98,93,88,83,83,103,93
"332","42045403501",103,98,93,88,83,83,103,93
"333","42045410800",144,139,134,129,124,119,119,129.714285714286
"334","42045401900",84,79,79,99,94,89,89,87.5714285714286
"335","42045401402",84,79,74,69,64,63,113,78
"336","42045403402",123,118,113,113,112,111,141,118.714285714286
"337","42045401302",84,79,78,99,120,119,114,99
"338","42045400600",58,61,64,63,58,56,57,59.5714285714286
"339","42045400402",54,51,59,57,55,57,54,55.2857142857143
"340","42045408300",90,85,80,77,97,95,90,87.7142857142857
"341","42045407201",108,103,98,93,88,83,81,93.4285714285714
"342","42045407902",150,145,140,135,130,125,120,135
"343","42101030600",65,62,60,71,68,66,70,66
"344","42101030700",66,63,74,73,68,68,72,69.1428571428571
"345","42101031101",75,72,70,71,68,66,72,70.5714285714286
"346","42101031300",61,68,67,65,66,63,59,64.1428571428571
"347","42101031600",62,76,76,74,69,64,62,69
"348","42101031700",59,55,70,72,69,64,59,64
"349","42101032300",65,64,70,66,65,69,65,66.2857142857143
"350","42101032600",77,76,72,76,75,71,75,74.5714285714286
"351","42101033101",82,81,78,74,74,80,82,78.7142857142857
"352","42101033600",79,87,85,82,81,84,83,83
"353","42101035302",96,107,113,110,105,100,96,103.857142857143
"354","42101036301",89,85,99,98,95,92,89,92.4285714285714
"355","42101003800",30,32,30,34,33,32,33,32
"356","42101008302",40,42,38,37,44,41,40,40.2857142857143
"357","42101000600",24,24,24,23,23,24,25,23.8571428571429
"358","42101001400",38,39,40,38,37,39,37,38.2857142857143
"359","42101001900",39,40,41,40,38,39,41,39.7142857142857
"360","42101002300",31,31,32,32,31,31,32,31.4285714285714
"361","42101002400",30,36,34,35,42,41,37,36.4285714285714
"362","42101002900",25,24,26,27,25,25,26,25.4285714285714
"363","42101003001",30,27,25,31,31,28,26,28.2857142857143
"364","42101003300",39,36,37,43,39,36,35,37.8571428571429
"365","42101003902",29,31,29,25,29,31,31,29.2857142857143
"366","42101036201",94,90,85,82,90,92,94,89.5714285714286
"367","42101004002",32,32,35,34,31,29,33,32.2857142857143
"368","42101035701",97,95,93,107,105,100,97,99.1428571428571
"369","42101037200",37,39,43,38,36,40,37,38.5714285714286
"370","42101005500",67,68,68,63,58,57,65,63.7142857142857
"371","42101006500",49,49,49,48,48,48,48,48.4285714285714
"372","42101007101",35,35,35,35,35,35,35,35
"373","42101007102",48,48,49,49,50,49,48,48.7142857142857
"374","42101008000",34,36,35,32,32,34,34,33.8571428571429
"375","42101008102",46,44,52,51,50,52,50,49.2857142857143
"376","42101017601",53,51,48,46,50,49,48,49.2857142857143
"377","42101008400",38,37,36,38,36,36,35,36.5714285714286
"378","42101009100",28,28,28,28,28,28,28,28
"379","42101009300",35,34,31,31,33,33,35,33.1428571428571
"380","42101010000",62,61,56,52,50,47,45,53.2857142857143
"381","42101010100",53,49,49,51,48,50,51,50.1428571428571
"382","42101014400",37,36,36,38,36,38,36,36.7142857142857
"383","42101015101",49,61,57,53,48,47,57,53.1428571428571
"384","42101015300",43,41,38,37,40,40,40,39.8571428571429
"385","42101015800",46,57,55,50,50,58,53,52.7142857142857
"386","42101016701",46,41,41,44,45,49,45,44.4285714285714
"387","42101017201",51,55,50,48,52,49,48,50.4285714285714
"388","42091206004",150,145,140,136,NA,NA,NA,NA
"389","42101017900",52,59,55,52,53,58,53,54.5714285714286
"390","42101018002",62,59,56,56,62,58,54,58.1428571428571
"391","42101037900",75,74,71,68,63,62,76,69.8571428571429
"392","42101019000",68,66,67,66,67,68,67,67
"393","42101019100",67,65,69,66,64,68,65,66.2857142857143
"394","42101019800",52,48,43,38,38,49,44,44.5714285714286
"395","42101020200",43,45,49,48,45,45,47,46
"396","42101020500",63,61,61,65,64,62,62,62.5714285714286
"397","42101021000",44,40,60,59,54,49,44,50
"398","42101021600",74,71,119,117,112,107,102,100.285714285714
"399","42101021800",71,69,64,59,54,52,72,63
"400","42101038500",82,80,79,83,83,81,81,81.2857142857143
"401","42101023600",66,62,57,54,79,77,72,66.7142857142857
"402","42101026301",76,80,78,75,79,77,74,77
"403","42101024500",61,65,65,63,62,60,59,62.1428571428571
"404","42101024600",59,59,61,62,60,59,57,59.5714285714286
"405","42101038900",67,62,62,73,68,63,63,65.4285714285714
"406","42101026000",74,71,75,73,70,74,72,72.7142857142857
"407","42101026100",85,83,80,84,82,79,83,82.2857142857143
"408","42101026500",72,69,67,71,68,66,70,69
"409","42101027300",47,62,63,59,54,49,45,54.1428571428571
"410","42101027401",53,54,51,52,53,50,54,52.4285714285714
"411","42101027901",59,60,58,58,66,63,61,60.7142857142857
"412","42101027902",51,58,55,56,57,54,55,55.1428571428571
"413","42101028700",52,48,46,53,52,52,49,50.2857142857143
"414","42101029100",87,83,81,85,82,82,84,83.4285714285714
"415","42101029200",74,73,72,72,74,75,73,73.2857142857143
"416","42101030000",58,58,57,65,63,59,61,60.1428571428571
"417","42101010300",38,35,34,36,36,38,38,36.4285714285714
"418","42101037500",75,73,71,71,80,77,74,74.4285714285714
"419","42101036000",101,96,96,104,99,99,101,99.4285714285714
"420","42101002000",45,47,47,45,49,48,46,46.7142857142857
"421","42101014100",43,43,41,40,38,38,41,40.5714285714286
"422","42101017400",42,42,41,43,45,46,47,43.7142857142857
"423","42101024000",47,58,57,55,59,56,52,54.8571428571429
"424","42101002702",39,38,36,35,43,41,37,38.4285714285714
"425","42101038000",69,75,71,70,74,70,69,71.1428571428571
"426","42045980000",123,118,113,108,103,98,93,108
"427","42101016001",56,59,55,52,50,49,51,53.1428571428571
"428","42101004104",35,33,39,38,33,32,36,35.1428571428571
"429","42101001204",28,27,25,26,28,26,25,26.4285714285714
"430","42101036902",29,29,28,27,26,28,29,28
"431","42101020701",70,69,69,73,68,64,68,68.7142857142857
"432","42101000403",14,14,15,14,14,15,14,14.2857142857143
"433","42101000806",17,17,18,18,17,17,18,17.4285714285714
"434","42101980003",36,36,36,36,36,36,36,36
"435","42101980701",98,97,92,87,82,77,72,86.4285714285714
"436","42091200103",138,133,128,123,118,113,108,123
"437","42017104702",158,153,148,143,138,133,128,143
"438","42017100201",117,122,121,116,111,109,117,116.142857142857
"439","42017100401",173,168,167,NA,NA,NA,NA,NA
"440","42045406402",128,133,131,155,152,147,142,141.142857142857
"441","42101980903",56,56,56,56,56,57,57,56.2857142857143
"442","42091202301",74,69,68,93,89,84,79,79.4285714285714
"443","42091201800",70,69,64,61,79,77,72,70.2857142857143
"444","42091201411",130,125,120,115,110,105,103,115.428571428571
"445","42091200602",148,145,142,162,160,155,150,151.714285714286
"446","42091201606",88,83,80,98,96,91,86,88.8571428571429
"447","42091204104",90,89,93,89,84,83,105,90.4285714285714
"448","42091205402",84,82,102,99,94,89,84,90.5714285714286
"449","42091980300",114,109,106,103,100,95,93,102.857142857143
"450","42101036600",50,51,55,54,52,50,54,52.2857142857143
"451","42101008601",36,35,43,43,40,38,40,39.2857142857143
"452","42101980400",95,90,85,80,75,70,65,80
"453","42101033200",89,84,82,95,93,90,89,88.8571428571429
"454","42101008301",52,49,46,47,51,50,50,49.2857142857143
"455","42101009200",55,54,52,53,52,47,47,51.4285714285714
"456","42101011900",59,55,55,56,52,51,59,55.2857142857143
"457","42101012204",56,54,64,61,56,54,62,58.1428571428571
"458","42101015200",45,41,40,47,43,42,43,43
"459","42101018400",85,103,99,94,89,84,84,91.1428571428571
"460","42101019900",53,48,43,43,51,49,44,47.2857142857143
"461","42101038800",80,79,77,78,82,80,79,79.2857142857143
"462","42101024700",46,46,54,52,51,53,51,50.4285714285714
"463","42101027800",46,46,49,48,50,48,49,48
"464","42101030200",62,60,59,60,57,56,61,59.2857142857143
"465","42101031200",76,72,70,68,75,75,79,73.5714285714286
"466","42101033300",81,80,77,75,74,76,81,77.7142857142857
"467","42101033900",86,83,78,73,73,80,84,79.5714285714286
"468","42101035500",95,91,99,98,94,96,95,95.4285714285714
"469","42101035800",113,108,103,103,135,130,125,116.714285714286
"470","42101034702",69,78,73,71,69,67,69,70.8571428571429
"471","42045403002",123,118,113,108,104,115,114,113.571428571429
"472","42045406201",138,133,130,144,142,137,132,136.571428571429
"473","42045400500",60,55,54,62,61,62,60,59.1428571428571
"474","42045404101",123,118,116,133,130,125,120,123.571428571429
"475","42101010400",48,43,42,54,52,47,42,46.8571428571429
"476","42101010500",42,38,49,51,50,47,42,45.5714285714286
"477","42101039001",60,55,55,73,68,63,58,61.7142857142857
"478","42101039002",92,90,85,80,77,90,92,86.5714285714286
"479","42101014201",34,33,33,35,34,35,35,34.1428571428571
"480","42101000701",21,21,21,21,20,19,21,20.5714285714286
"481","42091205806",94,114,110,105,100,95,94,101.714285714286
"482","42091203402",120,118,168,165,160,155,150,148
"483","42091206007",121,172,171,166,161,156,151,156.857142857143
"484","42101008802",36,33,32,37,33,30,38,34.1428571428571
"485","42101013900",45,41,36,33,40,42,43,40
"486","42101015102",46,41,36,34,45,45,43,41.4285714285714
"487","42101017300",54,54,50,48,52,52,49,51.2857142857143
"488","42029300201",156,151,146,141,136,131,126,141
"489","42045404500",132,127,124,174,172,167,162,151.142857142857
"490","42045404102",123,118,113,109,126,125,120,119.142857142857
"491","42101000902",29,30,29,28,29,30,32,29.5714285714286
"492","42101004101",26,30,29,25,29,28,24,27.2857142857143
"493","42101028300",51,49,50,53,52,53,51,51.2857142857143
"494","42101028901",80,76,71,66,61,60,78,70.2857142857143
"495","42101012203",55,66,64,59,55,55,56,58.5714285714286
"496","42101034501",84,82,84,86,81,81,89,83.8571428571429
"497","42101013300",28,26,26,27,27,26,27,26.7142857142857
"498","42045407202",138,133,128,125,NA,NA,NA,NA
"499","42045405200",120,118,113,108,107,129,142,119.571428571429
"500","42045407501",144,139,134,129,124,119,114,129
"501","42101980702",56,60,57,56,66,63,61,59.8571428571429
"502","42029302300",126,121,120,165,161,156,151,142.857142857143
"503","42017105300",179,174,169,164,159,154,149,164
"504","42091203103",114,111,106,101,101,112,108,107.571428571429
"505","42091203304",150,145,140,135,130,125,120,135
"506","42091203803",120,115,113,133,130,125,120,122.285714285714
"507","42101004103",38,35,39,40,44,42,37,39.2857142857143
"508","42101001302",46,43,54,52,47,45,44,47.2857142857143
"509","42101039100",42,42,42,42,42,42,42,42
"510","42101003200",36,46,43,38,37,47,44,41.5714285714286
"511","42101006200",44,44,44,44,44,44,44,44
"512","42101007800",35,35,35,35,35,35,35,35
"513","42101013602",32,30,30,34,33,32,36,32.4285714285714
"514","42101016400",36,35,39,39,37,36,40,37.4285714285714
"515","42101018300",81,78,75,89,87,82,81,81.8571428571429
"516","42101021500",90,85,83,115,112,107,103,99.2857142857143
"517","42101024300",44,44,48,48,45,45,49,46.1428571428571
"518","42101027200",74,69,66,84,82,77,72,74.8571428571429
"519","42101028400",53,49,51,59,54,49,46,51.5714285714286
"520","42045407801",90,85,82,84,87,95,90,87.5714285714286
"521","42045407802",90,85,80,75,74,82,78,80.5714285714286
"522","42045401101",108,103,98,93,88,83,78,93
"523","42101033400",66,74,73,69,71,70,66,69.8571428571429
"524","42101036202",110,110,108,106,103,103,111,107.285714285714
"525","42017100500",173,168,163,158,154,NA,NA,NA
"526","42101980300",115,114,109,104,99,95,115,107.285714285714
"527","42091200402",144,139,134,129,124,119,114,129
"528","42101011100",40,40,40,40,40,40,40,40
"529","42101014900",37,36,39,38,35,39,37,37.2857142857143
"530","42101017800",43,51,52,53,51,48,52,50
"531","42101024400",58,58,55,52,47,45,56,53
"532","42101029400",55,55,54,52,55,55,53,54.1428571428571
"533","42101031501",81,80,80,81,80,79,81,80.2857142857143
"534","42101036302",112,108,104,102,100,100,112,105.428571428571
"535","42101037600",35,33,32,39,40,39,38,36.5714285714286
"536","42101009500",51,49,47,49,46,43,41,46.5714285714286
"537","42101014202",37,44,43,40,48,46,41,42.7142857142857
"538","42101980904",74,71,82,80,75,72,76,75.7142857142857
"539","42101036303",173,168,163,158,153,148,143,158
"540","42101006100",74,69,64,59,58,69,65,65.4285714285714
"541","42101009000",36,36,32,31,36,37,36,34.8571428571429
"542","42101014300",42,58,57,54,51,46,43,50.1428571428571
"543","42101021100",65,66,63,59,54,52,61,60
"544","42101017702",44,45,45,44,44,44,44,44.2857142857143
"545","42101034502",83,81,83,80,78,86,83,82
"546","42101023700",77,74,74,71,71,75,75,73.8571428571429
"547","42101026800",47,51,52,56,54,49,48,51
"548","42101028902",81,76,71,67,85,84,79,77.5714285714286
"549","42101026400",67,65,75,73,68,65,76,69.8571428571429
"550","42101010800",42,37,37,43,48,47,42,42.2857142857143
"551","42101015700",41,40,40,41,40,39,40,40.1428571428571
"552","42101018001",47,42,41,49,45,41,49,44.8571428571429
"553","42101026200",71,69,68,72,68,67,71,69.4285714285714
"554","42101028200",51,48,47,45,44,48,45,46.8571428571429
"555","42101034400",101,96,92,111,110,105,100,102.142857142857
"556","42101035601",125,125,145,140,135,130,125,132.142857142857
"557","42045403300",72,67,65,79,76,71,69,71.2857142857143
"558","42091205810",150,145,140,135,130,125,120,135
"559","42091210500",109,104,99,94,94,137,132,109.857142857143
"560","42091200902",176,175,170,165,160,156,154,165.142857142857
"561","42091204600",153,148,143,138,133,128,123,138
"562","42017101100",131,126,125,163,159,154,149,143.857142857143
"563","42091205905",90,85,80,77,97,100,120,92.7142857142857
"564","42045407600",97,105,104,99,95,103,102,100.714285714286
"565","42017100700",173,168,163,159,NA,NA,NA,NA
"566","42101020600",60,59,62,73,68,63,63,64
"567","42045403502",93,89,109,108,103,98,93,99
"568","42101036700",35,34,31,34,35,35,37,34.4285714285714
"569","42101004201",29,33,29,28,32,28,27,29.4285714285714
"570","42101017500",47,49,50,46,50,49,46,48.1428571428571
"571","42101020101",37,37,39,37,37,36,36,37
"572","42101030502",67,63,74,73,69,73,72,70.1428571428571
"573","42101002200",28,26,26,27,27,26,27,26.7142857142857
"574","42101000801",37,35,34,33,33,36,36,34.8571428571429
"575","42101000500",15,15,16,16,16,16,15,15.5714285714286
"576","42101027100",65,69,64,59,59,63,63,63.1428571428571
"577","42101000200",31,29,27,28,29,29,33,29.4285714285714
"578","42045401800",74,72,72,80,76,74,76,74.8571428571429
"579","42101013200",28,26,26,27,27,26,27,26.7142857142857
"580","42101032100",64,60,60,66,61,60,64,62.1428571428571
"581","42029302600",126,121,119,139,136,131,126,128.285714285714
